<?xml version="1.0" encoding="UTF-8" standalone="yes"?>
<apiProjectConfiguration>
    <properties/>
    <resources>
        <entry>
            <key>DefaultResource</key>
            <value>
                <Policies>
                    <Entry>
                        <PolicyScope>PROXY_REQUEST</PolicyScope>
                        <PolicyID>NoTargetPolicy</PolicyID>
                    </Entry>
                    <Entry>
                        <PolicyScope>TARGET_RESPONSE</PolicyScope>
                        <PolicyID>bmp</PolicyID>
                    </Entry>
                </Policies>
                <allowChildPaths>false</allowChildPaths>
                <dummyPolicyConfigurationsForJson>
                    <entry>
                        <key>PROXY_REQUEST</key>
                        <value/>
                    </entry>
                    <entry>
                        <key>TARGET_RESPONSE</key>
                        <value/>
                    </entry>
                </dummyPolicyConfigurationsForJson>
                <endpoints/>
                <forwardBasePath>false</forwardBasePath>
                <loadBalancingStrategy>ROUND_ROBIN</loadBalancingStrategy>
                <resourceID>DefaultResource</resourceID>
                <streamingScope>NONE</streamingScope>
                <wafEnabled>false</wafEnabled>
                <wafFilterClassName>org.owasp.esapi.waf.ESAPIWebApplicationFirewallFilter</wafFilterClassName>
                <wafFilterConfig/>
            </value>
        </entry>
    </resources>
    <policyIDs>
        <entry>
            <key>NoTargetPolicy</key>
            <value>ASSIGN_VARIABLE</value>
        </entry>
        <entry>
            <key>bmp</key>
            <value>BUILD_MESSAGE</value>
        </entry>
    </policyIDs>
    <ProjectPolicies/>
    <dummyProjectPoliciesForJSON/>
    <creationDate>2020/03/12 15:28:43</creationDate>
    <includeVersionInPath>true</includeVersionInPath>
    <lastModified>2020/03/12 15:29:29</lastModified>
    <projectDocument>
        <basePath>/testgit/1.0</basePath>
        <resourceDocs>
            <entry>
                <key>DefaultResource</key>
                <value>
                    <customParams/>
                    <method>GET</method>
                    <parameters/>
                    <path>/</path>
                </value>
            </entry>
        </resourceDocs>
        <status>ACTIVE</status>
        <version>1.0</version>
    </projectDocument>
    <projectID>testgit</projectID>
    <projectVersion>1.0</projectVersion>
    <proxyAsEndPoint>false</proxyAsEndPoint>
    <referredPolicies/>
    <releaseVersion>2.0</releaseVersion>
    <routingRules>
        <entry>
            <key>
                <Rule>CONTEXT_VARIABLE[proxy.request.method]~EQUALS~GET</Rule>
            </key>
            <value>DefaultResource</value>
        </entry>
    </routingRules>
    <rule>
        <Rule>CONTEXT_VARIABLE[api.project.context.path]~EQUALS~/testgit and CONTEXT_VARIABLE[api.project.version]~EQUALS~1.0</Rule>
    </rule>
    <status>ACTIVE</status>
    <traceEnabled>false</traceEnabled>
    <user>admin</user>
</apiProjectConfiguration>
