<?xml version="1.0" encoding="UTF-8" standalone="yes"?>
<assignMessageConfiguration policyName="BUILD_MESSAGE" policyType="TRANSFORMATION">
    <policyInstanceName>bmp</policyInstanceName>
    <createNew>false</createNew>
    <ignoreUnresVar>false</ignoreUnresVar>
    <messageFormat>JSON</messageFormat>
    <removeMessageDetailsConfiguration>
        <clearPayload>false</clearPayload>
        <removeAllFormParams>false</removeAllFormParams>
        <removeAllHeaders>false</removeAllHeaders>
        <removeAllQueryParams>false</removeAllQueryParams>
    </removeMessageDetailsConfiguration>
    <setMessageDetailsConfiguration>
        <FormParams/>
        <headers/>
        <payload>testing</payload>
        <QueryParams/>
        <setPayload>false</setPayload>
    </setMessageDetailsConfiguration>
    <varRefPrefix>%</varRefPrefix>
    <varRefSuffix>%</varRefSuffix>
</assignMessageConfiguration>
