<?xml version="1.0" encoding="UTF-8" standalone="yes"?>
<ResourceConfiguration>
    <Policies>
        <Entry>
            <PolicyScope>PROXY_REQUEST</PolicyScope>
            <PolicyID>NoTargetPolicy</PolicyID>
        </Entry>
        <Entry>
            <PolicyScope>TARGET_RESPONSE</PolicyScope>
            <PolicyID>bmp</PolicyID>
        </Entry>
    </Policies>
    <allowChildPaths>false</allowChildPaths>
    <dummyPolicyConfigurationsForJson>
        <entry>
            <key>PROXY_REQUEST</key>
            <value/>
        </entry>
        <entry>
            <key>TARGET_RESPONSE</key>
            <value/>
        </entry>
    </dummyPolicyConfigurationsForJson>
    <endpoints/>
    <forwardBasePath>false</forwardBasePath>
    <loadBalancingStrategy>ROUND_ROBIN</loadBalancingStrategy>
    <resourceID>DefaultResource</resourceID>
    <streamingScope>NONE</streamingScope>
    <wafEnabled>false</wafEnabled>
    <wafFilterClassName>org.owasp.esapi.waf.ESAPIWebApplicationFirewallFilter</wafFilterClassName>
    <wafFilterConfig/>
</ResourceConfiguration>
